Resume,Skillcount, Phone, EmailId,    Skills,    Skills, Skills,Skills,  Skills,    Skills
,,,,,,,,,,
Sachin,5,9994192160,sachin@gmail.com,  java,javascript  ,sql  ,c,  c++,
Magesh,3,9566191858,satyamahesh@gmail.com,  java  ,javascript , php,,,
Ramacharan,6,9566191858,ramachandhar@gmail.com,  java  ,python  ,sql  ,php  ,c  ,c++
Gautham,5,9994192160,gauthamking1997@gmail.com,  java  ,javascript , sql,  c,,
Amikat,3,9566191858,aniket.tivari@gmail.com,  java  ,javascript , php,,,
Marimuthu,2,9566191858,marimuthu@gmail.com,  java  ,php,,,,
Hrithik,2,7474992160,hrithrosan@gmail.com,  java  ,sql,,,,
,,,,,,,,,,
